food_item,meal_type,calories,protein,fats,carbs,diet_type
Oatmeal with Milk,Breakfast,300.0,10.0,5.0,45.0,weight_loss
Scrambled Eggs,Breakfast,150.0,12.0,10.0,2.0,weight_gain
Grilled Chicken,Lunch,250.0,35.0,5.0,0.0,weight_loss
Chicken Breast,Lunch,300.0,30.0,10.0,5.0,weight_gain
Green Salad,Dinner,120.0,2.0,4.0,15.0,weight_loss
Steamed Veggies,Snack,80.0,3.0,1.0,15.0,weight_loss
Protein Shake,Snack,200.0,25.0,2.0,10.0,weight_gain
Chapati,Dinner,120.0,3.0,5.0,20.0,weight_loss
Greek Yogurt,Before Bed,100.0,10.0,5.0,5.0,weight_loss
Hot tea (Garam Chai),Breakfast,16.14,0.39,0.53,2.58,weight_loss
Instant coffee,Breakfast,23.16,0.64,0.75,3.65,weight_loss
Espreso coffee,Breakfast,51.54,1.75,2.14,6.62,weight_loss
Iced tea,Breakfast,10.34,0.03,0.01,2.7,weight_loss
Raw mango drink (Aam panna),Other,35.92,0.16,0.03,9.05,weight_loss
Fruit Punch (with fresh juices),Beverage,36.12,0.14,0.03,9.38,weight_loss
Fruit Punch (with squashes),Other,23.13,0.07,0.02,5.99,weight_loss
Lemonade,Other,20.8,0.03,0.01,5.48,weight_loss
Lem-o-gin,Other,21.52,0.08,0.03,5.55,weight_loss
Cumin infused water (Jeere/Zeere ka pani),Other,9.09,0.17,0.11,1.86,weight_loss
Coco pine cooler,Other,32.75,0.56,1.0,5.72,weight_loss
Summer cooler,Other,22.43,0.37,0.04,5.43,weight_loss
Hot cocoa,Other,90.1,3.36,4.56,9.23,weight_loss
Cold coffee with ice cream,Breakfast,67.85,1.57,2.11,11.24,weight_loss
Banana milkshake (Kele milkshake),Beverage,65.31,1.84,2.37,9.15,weight_loss
Mango milkshake (Aam milkshake),Beverage,56.9,1.73,2.35,7.23,weight_loss
Pineapple milkshake (Ananas milkshake),Beverage,55.72,1.66,2.23,7.62,weight_loss
Orange milkshake (Narangi milkshake),Beverage,57.42,1.86,2.52,7.11,weight_loss
Egg nog,Other,97.14,4.78,5.11,8.15,weight_loss
Sweet Lassi (Meethi lassi),Beverage,35.66,1.29,0.68,6.51,weight_loss
Lassi (salted),Beverage,18.84,1.35,0.72,1.86,weight_loss
Cheese and chilli sandwich ,Snack,218.11,6.8,9.78,27.4,weight_loss
Egg sandwich (Ande ka sandwich),Snack,285.96,8.69,15.8,29.16,weight_loss
Cucumber sandwich (Kheere ka sandwich),Snack,188.6,4.8,8.0,25.77,weight_loss
Cheese and pineapple sandwich (Cheese aur ananas ka sandwich),Snack,257.71,8.2,12.8,29.1,weight_loss
Cheese and tomato sandwich (Cheese aur tamatar ke sandwich),Snack,243.32,7.92,12.27,26.92,weight_loss
Chicken sandwich,Snack,253.27,13.12,11.75,25.38,weight_loss
Peanut and tomato sandwich (Moongfali aur tamatar ka sandwich),Snack,291.43,9.53,16.14,28.54,weight_loss
Rainbow sandwich,Snack,272.75,7.75,12.54,34.26,weight_loss
Club sandwich ,Snack,235.32,7.31,15.12,18.51,weight_loss
Vegetarian club sandwich,Snack,198.33,5.45,11.33,19.68,weight_loss
Pin wheel sandwich,Snack,311.52,8.77,24.93,14.0,weight_gain
Carrot apple sandwich (Gajar aur seb ka sandwich),Snack,214.11,5.3,9.12,29.04,weight_loss
Salami sandwich,Snack,255.59,8.7,15.51,21.54,weight_loss
Vegetable and mayonnaise sandwich,Snack,244.26,4.47,15.4,23.2,weight_loss
Egg and tomato sandwich (Ande aur tamatar ka sandwich),Snack,222.11,7.66,10.51,25.9,weight_loss
Sweet open sandwich,Snack,244.25,4.99,8.15,39.24,weight_loss
Mushroom and cheese sandwich (toasted),Snack,227.42,7.79,13.01,21.01,weight_loss
Cheese and tomato sandwich (toasted) (Cheese aur tamatar ke sandwich (toasted)),Snack,224.58,6.82,12.95,21.42,weight_loss
Pea potato sandwich (toasted) (Matar aloo ka sandwich),Snack,164.9,4.6,5.43,25.17,weight_loss
Paneer pea sandwich (toasted) (Paneer matar ka sandwich),Snack,249.56,12.4,11.98,24.05,weight_loss
Chicken sandwich (toasted),Snack,167.37,12.08,5.32,18.82,weight_loss
Pea keema sandwich (toasted) (Matar aur keema ka sandwich),Snack,171.78,11.06,5.61,20.26,weight_loss
Classic club sandwich,Snack,200.83,6.74,11.56,18.49,weight_loss
Sesame toast,Other,495.19,1.9,49.38,11.15,weight_gain
Cracked wheat porridge (Meetha daliya),Lunch/Dinner,81.57,2.64,4.08,8.87,weight_loss
Semolina porridge (Suji/Rava daliya),Lunch/Dinner,100.89,3.75,4.08,12.39,weight_loss
Oatmeal Porridge,Other,72.85,2.6,3.22,8.77,weight_loss
Cornflakes with milk,Other,117.33,3.59,5.12,14.95,weight_loss
Rice flakes (Chiwda/Aval),Lunch/Dinner,112.44,3.62,3.99,15.57,weight_loss
Wheat flakes,Other,112.44,3.62,3.99,15.57,weight_loss
Murmura (Puffed rice),Lunch/Dinner,113.32,3.62,4.04,15.67,weight_loss
Puffed wheat (Murmure/Moori),Other,113.32,3.62,4.04,15.67,weight_loss
Boiled egg (Ubla anda),Other,45.35,4.43,3.04,0.12,weight_loss
Fried Egg ,Other,223.67,11.59,19.62,0.31,weight_loss
Poached egg,Other,123.87,11.98,8.19,0.37,weight_loss
Scrambled egg (Ande ki bhurji),Other,155.97,10.29,12.21,1.35,weight_loss
Baked egg ,Other,218.85,11.88,12.65,15.42,weight_loss
Plain omelette/omlet,Breakfast,272.41,9.66,25.74,0.64,weight_loss
Stuffed egg omelette/omlet,Breakfast,203.51,8.6,17.77,2.3,weight_loss
Pancake,Breakfast,203.36,5.68,10.82,20.49,weight_loss
Keema pancake,Breakfast,176.27,9.01,11.25,9.56,weight_loss
Vegetable pancake,Breakfast,125.18,3.87,6.57,12.24,weight_loss
Jam and fruit pancake,Breakfast,162.02,3.79,7.01,20.73,weight_loss
Khoa and coconut pancake,Breakfast,271.98,6.98,15.29,27.32,weight_loss
Brown stock,Other,21.32,1.95,1.38,0.25,weight_loss
Vegetable stock,Other,17.6,0.3,1.38,0.96,weight_loss
Chicken stock,Other,29.88,3.69,1.51,0.37,weight_loss
Clear tomato soup (Tamatar ka soup),Other,80.07,4.79,12.22,3.45,weight_loss
Lentil soup,Other,31.17,9.65,11.68,3.94,weight_loss
Chicken consomme (Clear chicken soup),Other,47.94,11.47,12.02,1.19,weight_loss
Cream of tomato soup,Other,97.81,4.61,13.12,3.93,weight_loss
Cream of green peas soup,Other,127.84,7.13,14.78,6.75,weight_loss
Cream of spinach soup,Other,100.54,5.21,13.31,3.45,weight_loss
Cream of mixed vegetable soup,Other,59.65,6.84,9.05,4.93,weight_loss
Cream of mushroom soup,Other,117.28,6.64,15.5,3.74,weight_loss
Chicken sweet corn soup,Other,28.32,14.48,12.59,1.63,weight_loss
Minestrone soup,Other,42.66,9.3,11.09,3.71,weight_loss
Egg drop soup,Other,26.64,12.93,13.52,1.1,weight_loss
Chinese cabbage and meat ball soup,Other,484.31,5.21,56.57,1.43,weight_gain
French onion soup,Other,55.61,11.41,14.39,4.28,weight_loss
Hot and sour soup,Other,31.51,3.12,1.31,1.78,weight_loss
Talaumein soup,Other,35.63,10.12,12.78,4.17,weight_loss
Cold cucumber soup (Thanda kheere ka soup),Other,48.03,2.99,1.99,4.58,weight_loss
Cold summer garden soup,Other,49.19,8.57,14.08,2.65,weight_loss
Chapati/Roti,Lunch/Dinner,202.31,5.88,3.56,35.65,weight_loss
Plain parantha/paratha,Breakfast,298.3,5.06,16.86,30.69,weight_loss
Potato parantha/paratha (Aloo ka parantha/paratha),Breakfast,205.04,3.7,10.22,23.92,weight_loss
Radish parantha/paratha (Mooli ka parantha/paratha),Breakfast,183.52,3.3,9.53,20.54,weight_loss
Cauliflower parantha/paratha (Phoolgobhi ka parantha/paratha),Breakfast,178.07,3.73,9.47,18.84,weight_loss
Dal parantha/paratha,Breakfast,268.24,6.78,13.05,30.03,weight_loss
Sprouted moong parantha/paratha,Breakfast,228.59,4.29,12.43,24.31,weight_loss
Pea parantha/paratha (Matar ka parantha/paratha),Breakfast,190.73,5.59,8.8,21.51,weight_loss
Keema parantha/paratha,Breakfast,238.09,9.41,13.91,18.36,weight_loss
Paneer parantha/paratha,Breakfast,262.97,7.98,14.62,24.33,weight_loss
Besan and spinach parantha/paratha (Besan aur palak ka parantha/paratha),Breakfast,216.49,5.54,12.09,21.39,weight_loss
Poori,Other,737.63,1.35,77.61,8.22,weight_gain
Spinach poori (Palak poori),Other,684.25,1.42,71.86,7.76,weight_gain
Methi poori,Other,710.02,1.45,74.6,7.98,weight_gain
Dal stuffed poori,Lunch/Dinner,785.16,2.08,81.69,10.14,weight_gain
Potato stuffed poori (Aloo ki poori),Other,776.74,1.52,81.35,9.4,weight_gain
Tandoori parantha/paratha,Breakfast,295.37,5.08,16.51,30.74,weight_loss
Boiled rice (Uble chawal),Lunch/Dinner,117.19,2.6,0.18,25.72,weight_loss
Plain pulao,Lunch/Dinner,140.21,2.34,4.62,21.82,weight_loss
Mixed vegetable pulao,Lunch/Dinner,113.05,2.72,3.33,17.49,weight_loss
Mushroom pulao,Lunch/Dinner,124.29,2.52,4.03,19.02,weight_loss
Sprouted moong pulao,Lunch/Dinner,112.97,2.19,3.61,17.49,weight_loss
Paneer pulao,Lunch/Dinner,581.91,1.98,59.81,8.76,weight_gain
Peanut pulao ,Lunch/Dinner,193.28,5.32,9.51,21.18,weight_loss
Navratan pulao,Lunch/Dinner,261.71,6.2,9.45,36.98,weight_loss
Green chickpeas pulao (Choliya pulao/Hare chane ka pulao),Lunch/Dinner,173.43,4.88,4.82,27.57,weight_loss
Mutton biryani/biriyani,Lunch/Dinner,190.76,7.38,7.72,22.5,weight_loss
Vegetable biryani/biriyani,Lunch/Dinner,174.61,3.16,9.51,18.56,weight_loss
"Lemon rice (Pulihora, Elumichai sadam, Chitranna)",Lunch/Dinner,176.3,4.26,7.88,21.62,weight_loss
Sweet rice (Meethe chawal),Lunch/Dinner,215.41,2.1,4.57,42.59,weight_loss
Curd rice (Dahi bhaat/Dahi chawal/ Perugu annam/Daddojanam/Thayir saadam),Lunch/Dinner,195.74,5.75,4.32,32.93,weight_loss
Tamarind rice (Chintapandu pulihora/Puliyodharai/Puli sadam/Huli anna),Lunch/Dinner,373.04,7.45,8.53,65.08,weight_gain
Spanish rice,Lunch/Dinner,164.24,4.19,2.23,31.1,weight_loss
Chinese fried rice,Lunch/Dinner,120.58,4.05,5.43,13.4,weight_loss
Macroni cheese pie,Other,170.63,5.85,7.48,21.1,weight_loss
Vegetable chowmein,Other,129.71,3.07,6.36,15.44,weight_loss
Chicken chowmein,Other,151.33,6.33,8.23,13.3,weight_loss
Cheese noodle ring,Other,133.67,6.22,6.12,13.96,weight_loss
Spaghetti and cheese balls in tomato sauce,Other,508.32,2.41,52.08,7.82,weight_gain
Penne platter,Other,177.4,5.04,8.71,20.87,weight_loss
Pasta hot pot,Other,125.17,5.84,6.47,11.6,weight_loss
Chicken lasagne,Other,187.49,10.45,10.36,13.9,weight_loss
Fettuccine with spinach sauce,Other,129.21,3.1,7.83,12.19,weight_loss
Naan,Other,286.45,8.05,4.99,51.75,weight_loss
Bhatura,Other,793.2,1.63,82.56,10.73,weight_gain
Idli,Breakfast,137.54,4.64,0.33,28.18,weight_loss
Masala dosa,Breakfast,164.58,3.29,7.84,19.57,weight_loss
Semolina dosa (Suji/Rava dosa),Breakfast,227.05,7.3,7.12,32.84,weight_loss
Onion tomato uttapam,Other,462.02,1.91,45.3,11.32,weight_gain
Paneer kaathi roll,Snack,285.94,6.92,19.55,20.1,weight_loss
Makki ki roti,Lunch/Dinner,263.97,3.49,16.85,24.19,weight_loss
Washed moong dal (Dhuli moong ki dal),Lunch/Dinner,50.0,2.68,1.68,5.91,weight_loss
Washed urad dal (Dhuli urad ki dal),Lunch/Dinner,61.32,2.51,2.98,5.84,weight_loss
Split bengal gram with bottle gourd (Channa dal with ghiya/lauki),Lunch/Dinner,73.25,2.79,3.6,7.1,weight_loss
Dry washed urad,Other,124.71,6.85,3.5,15.66,weight_loss
Mixed dal,Lunch/Dinner,61.93,2.51,3.1,5.79,weight_loss
Whole moong (Moong ki dal),Lunch/Dinner,53.7,2.25,2.56,5.22,weight_loss
Whole masoor (Masoor ki dal),Lunch/Dinner,54.05,2.28,2.52,5.37,weight_loss
Whole moth (Moth ki dal),Lunch/Dinner,55.0,2.01,2.62,5.74,weight_loss
Whole urad (Urad ki dal),Lunch/Dinner,53.8,2.21,2.62,5.05,weight_loss
Moti mahal dal (Urad rajmah mix dal),Lunch/Dinner,103.13,3.93,5.66,8.74,weight_loss
Black channa curry/Bengal gram curry (Kale chane ki curry),Lunch/Dinner,140.68,5.67,6.61,14.11,weight_loss
Chickpeas curry (Safed channa curry),Lunch/Dinner,163.43,6.1,6.84,19.98,weight_loss
Lobia curry,Lunch/Dinner,148.99,6.06,5.62,17.88,weight_loss
Soyabean curry,Lunch/Dinner,163.28,10.43,10.19,6.76,weight_loss
Kidney bean curry (Rajmah curry),Lunch/Dinner,143.73,5.95,5.77,16.38,weight_loss
Sambar,Other,96.92,3.35,4.38,10.57,weight_loss
Besan kadhi with pakodies,Other,403.35,1.64,42.59,3.56,weight_gain
Khatta channa,Other,202.57,6.3,10.56,21.14,weight_loss
Sprouted moong dal chat,Lunch/Dinner,32.47,1.35,0.32,6.01,weight_loss
Potato cauliflower (Aloo gobhi),Other,106.18,1.9,8.13,5.99,weight_loss
Potato capsicum (Shimla mirch aloo),Other,125.53,1.41,9.33,8.72,weight_loss
Cabbage and peas (Pattagobhi aur matar),Other,63.88,3.24,2.64,6.24,weight_loss
Carrot and fenugreek leaves (Gajar methi),Other,61.92,2.1,3.81,4.17,weight_loss
Potato fenugreek (Aloo methi),Other,135.15,2.25,10.04,8.47,weight_loss
Brinjal bhartha (Baingan ka bhartha),Other,65.12,1.38,4.48,4.4,weight_loss
Dry potato (Sookhe aloo),Other,103.15,1.62,4.18,14.38,weight_loss
Beans with coconut (Nariyal aur sem/phali; Beans thoran),Other,131.63,2.62,11.39,4.39,weight_loss
Cauliflower with coconut (Nariyal ke saath phoolgobhi),Other,132.11,2.64,11.56,3.99,weight_loss
Carrot and cabbage with coconut (Nariyal ke saath pattagobhi aur gajar),Other,106.61,1.82,8.62,4.99,weight_loss
Raw turnip with coconut ,Other,132.15,1.8,11.47,5.78,weight_loss
Raw papaya with coconut (Papaya thoran),Other,132.75,1.54,11.42,5.58,weight_loss
Stuffed okra (Bharwa bhindi),Other,94.34,2.08,7.66,3.85,weight_loss
Stuffed round gourd (Bharwa tinde),Other,72.8,1.1,5.75,4.02,weight_loss
Stuffed capsicum (Bharwa shimla mirch),Other,90.94,1.34,5.7,8.26,weight_loss
Stuffed brinjal (Bharwa baingan),Other,93.0,1.53,7.73,3.96,weight_loss
Stuffed tomatoes (Bharwa tamatar),Other,93.35,3.28,6.06,6.19,weight_loss
Pea potato curry (Aloo matar),Lunch/Dinner,100.92,3.48,5.13,9.74,weight_loss
Pea paneer curry (Matar paneer),Lunch/Dinner,134.83,6.61,7.75,9.29,weight_loss
Pea mushroom curry (Matar mushroom),Lunch/Dinner,93.3,3.87,5.16,7.41,weight_loss
Pea curry (Matar ki sabzi),Lunch/Dinner,102.99,4.51,5.11,9.2,weight_loss
Pea vadi curry,Lunch/Dinner,101.95,4.64,5.08,8.9,weight_loss
Paneer curry,Lunch/Dinner,176.52,7.8,12.38,8.4,weight_loss
Lotus stem curry (Kamal kakdi curry),Lunch/Dinner,110.34,1.53,7.25,9.24,weight_loss
Gravy for kofta,Other,125.59,1.75,10.35,6.31,weight_loss
Pea kofta curry (Matar kofta curry),Lunch/Dinner,595.66,2.01,63.39,4.17,weight_gain
Spinach kofta curry (Palak kofta curry),Lunch/Dinner,571.78,1.09,61.49,3.56,weight_gain
Paneer kofta curry,Lunch/Dinner,670.91,2.39,72.06,3.27,weight_gain
Lotus stem kofta curry (Kamal kakdi kofta curry),Lunch/Dinner,633.56,0.96,67.76,5.01,weight_gain
Raw banana kofta curry (Kela kofta curry),Lunch/Dinner,627.27,0.62,67.98,3.4,weight_gain
Cauliflower kofta curry (Phoolgobhi kofta curry),Lunch/Dinner,641.1,1.04,69.62,2.62,weight_gain
Cabbage kofta curry (Pattagobhi kofta curry),Lunch/Dinner,639.81,0.98,69.4,2.87,weight_gain
Ghiya/Lauki Kofta Curry,Lunch/Dinner,638.71,0.89,69.4,2.71,weight_gain
Spinach paneer kofta curry (Palak paneer kofta curry),Lunch/Dinner,606.03,1.43,65.41,2.94,weight_gain
Vegetarian egg kofta curry,Lunch/Dinner,627.41,1.33,67.24,4.26,weight_gain
Baked vegetables,Other,88.99,3.67,4.44,8.44,weight_loss
Cauliflower musallam (Phoolgobhi musallam),Other,58.83,1.89,3.55,4.48,weight_loss
Baked vegetables with spinach ,Other,77.79,3.22,4.03,6.93,weight_loss
Baked potato with skin ,Other,135.77,3.43,8.5,11.11,weight_loss
Shepherd's pie (vegetarian),Other,135.63,5.04,7.3,12.03,weight_loss
Baked brinjal in tomato sauce,Other,38.63,1.58,1.62,4.13,weight_loss
Dum aloo,Other,682.33,0.7,74.01,3.33,weight_gain
Spinach paneer (Palak paneer),Other,77.68,4.03,4.76,4.43,weight_loss
Methi chaman,Other,475.62,1.54,50.91,2.78,weight_gain
Sarson ka saag,Other,87.84,3.0,5.86,5.33,weight_loss
Jackfruit sabzi (Kathal ki sabzi),Lunch/Dinner,625.4,0.69,67.6,3.4,weight_gain
Avial,Other,124.56,2.46,8.94,8.47,weight_loss
Al yakhani,Other,147.54,2.86,13.14,4.65,weight_loss
Shahi paneer,Other,156.5,5.06,12.34,6.64,weight_loss
Paneer in butter sauce,Other,145.61,6.99,8.81,9.7,weight_loss
Methi malai paneer,Other,194.98,7.34,14.76,8.15,weight_loss
Chilli paneer,Other,777.51,2.1,84.01,3.31,weight_gain
Paneer makhana korma,Other,775.82,3.24,82.76,4.63,weight_gain
Kadhai Paneer,Other,107.99,4.33,6.81,7.34,weight_loss
Roghan josh,Other,139.59,9.56,9.02,4.93,weight_loss
Spinach mutton (Palak mutton),Other,80.32,5.74,4.71,3.45,weight_loss
Pea keema curry (Matar keema ki sabzi),Lunch/Dinner,133.0,8.43,8.14,6.24,weight_loss
Keema kofta curry,Lunch/Dinner,154.45,9.77,10.39,5.64,weight_loss
Kashmiri mutton koftas (Gushtaba),Other,97.42,6.33,6.77,3.04,weight_loss
Mutton yakhni,Other,104.13,8.27,7.7,0.84,weight_loss
Chicken yakhni,Other,99.0,10.66,6.1,0.78,weight_loss
Mutton do piaza,Other,183.3,9.39,14.41,4.14,weight_loss
Mutton chops,Other,663.64,4.03,71.31,1.48,weight_gain
Shammi kebab,Other,685.69,4.52,72.61,3.54,weight_gain
Scotch egg,Other,676.89,4.05,72.62,1.91,weight_gain
Shepherd's pie (with minced meat),Other,142.78,7.45,8.88,8.06,weight_loss
Chicken curry,Lunch/Dinner,129.22,11.79,7.57,3.38,weight_loss
Tandoori chicken,Other,145.2,16.26,7.93,2.34,weight_loss
Butter chicken,Other,137.0,10.92,8.7,3.74,weight_loss
Chicken kebab,Other,729.41,3.71,78.89,1.11,weight_gain
Chilli chicken,Other,198.83,9.57,16.56,2.86,weight_loss
Fried chicken with tomato sauce (Fried chicken tamatar ki chutney kay saath),Other,125.03,11.48,7.61,2.51,weight_loss
Fish curry (Machli curry),Lunch/Dinner,111.13,8.76,6.69,3.77,weight_loss
Fried fish (Indian style) (Tali hui machli),Other,658.54,4.35,68.88,5.4,weight_gain
Fried fish and Chips (English Style) (Tali hui machli aur chips),Other,651.75,3.36,69.69,2.77,weight_gain
Tomato fish,Other,489.79,2.39,51.91,3.18,weight_gain
Baked fish with cheese sauce,Other,113.96,8.64,7.02,4.06,weight_loss
Fish tikka,Other,117.33,16.0,4.15,3.91,weight_loss
Tandoori fish,Other,95.98,11.19,4.64,2.37,weight_loss
"Paneer, apple and pineapple salad",Other,95.08,3.88,5.07,8.35,weight_loss
Russian salad,Other,114.83,4.26,7.84,6.5,weight_loss
Pasta salad,Other,190.36,4.15,13.92,12.7,weight_loss
Deviled egg,Other,98.56,4.97,7.72,2.23,weight_loss
Hawain salad,Other,175.23,4.27,11.37,14.35,weight_loss
Mixed pulse and vegetable salad,Other,83.12,4.74,0.84,13.96,weight_loss
Sprouted moong salad ,Other,37.81,2.29,0.74,5.48,weight_loss
Tossed salad,Other,62.96,1.02,4.22,4.95,weight_loss
Mixed vegetable salad with curd sauce,Other,60.28,4.23,1.5,7.03,weight_loss
Potato salad (Aloo ka salaad),Other,89.91,1.4,4.4,11.19,weight_loss
Waldroff salad,Other,141.75,1.47,10.05,11.02,weight_loss
Coleslaw,Other,76.71,1.24,5.32,5.59,weight_loss
Fruit salad (Phalon ka salaad),Other,78.14,0.91,1.22,15.96,weight_loss
Tomato onion raita (Tamatar aur pyaaz ka raita),Other,59.0,3.74,1.84,7.08,weight_loss
Peanut raita (Mungfali ka raita),Other,150.39,8.59,8.98,9.3,weight_loss
Sprouted moong raita ,Other,60.89,4.62,2.19,6.13,weight_loss
Bottle gourd raita (Ghiya/Lauki ka raita),Other,56.31,3.98,2.07,5.76,weight_loss
Cucumber raita (Kheere ka raita),Other,59.13,4.04,2.08,6.35,weight_loss
Carrot and spinach raita (Gajar aur palak ka raita),Other,56.83,4.0,1.99,5.83,weight_loss
Mint raita (Pudinay ka raita),Other,77.59,5.64,2.96,7.65,weight_loss
Potato raita (Aloo ka raita),Other,75.38,4.22,2.04,10.24,weight_loss
Boondi raita,Other,687.72,2.19,73.83,3.96,weight_gain
Sweet raita (Meetha raita),Other,99.24,3.24,1.78,17.93,weight_loss
Dahi vadas/Dahi bhalla,Other,667.73,2.96,70.4,5.49,weight_gain
Gunjia,Other,667.34,2.98,70.28,5.68,weight_gain
Saunth/Sonth chutney with tamarind/imli,Other,141.53,1.01,0.15,33.55,weight_loss
Rice kheer (Chawal ki kheer),Lunch/Dinner,75.03,2.3,2.97,10.05,weight_loss
Makhana kheer,Other,107.85,3.31,5.0,12.88,weight_loss
Vermicelli kheer (Semiya/Seviyan ki kheer),Other,120.07,3.35,5.0,15.87,weight_loss
Semolina kheer (Suji/Rava kheer),Other,113.21,3.43,4.2,15.88,weight_loss
Paneer kheer,Other,105.31,4.53,5.37,10.03,weight_loss
Cabbage kheer (Pattagobhi ki kheer),Other,83.51,2.87,3.8,9.73,weight_loss
Carrot kheer (Gajar ki kheer),Other,85.35,2.81,3.85,10.09,weight_loss
Cauliflower kheer (Phoolgobhi ki kheer),Other,81.95,3.04,3.95,8.78,weight_loss
Moong dal kheer,Lunch/Dinner,77.16,2.95,2.97,9.89,weight_loss
Phirni,Other,116.12,3.49,4.34,16.11,weight_loss
Semolina halwa (Suji ka halwa),Other,225.65,2.16,13.38,24.67,weight_loss
Shahi suji halwa,Other,382.34,3.48,21.73,44.44,weight_gain
Carrot halwa (Gajar ka halwa),Other,172.64,3.11,9.73,18.53,weight_loss
Egg halwa (Ande ka halwa),Other,299.74,7.85,13.41,39.59,weight_loss
Potato halwa (Aloo ka halwa),Other,151.66,1.53,3.48,29.18,weight_loss
Pumpkin halwa (Kaddu ka halwa),Other,190.27,1.33,8.81,27.6,weight_loss
Moong dal halwa,Lunch/Dinner,349.8,8.35,17.68,40.23,weight_gain
Caramel custard (steamed),Breakfast,121.58,4.97,4.87,15.02,weight_loss
Baked custard,Other,106.53,5.41,5.3,9.45,weight_loss
Soft Custard (stirred),Other,109.18,5.01,5.07,11.19,weight_loss
Chocolate ice cream,Other,177.7,4.47,11.25,15.41,weight_loss
Mango ice cream,Other,125.69,3.4,7.62,11.14,weight_loss
Fruit Ice cream (Phalon ka Ice cream),Other,171.46,4.37,10.38,16.05,weight_loss
Caramel ice cream,Other,173.52,4.31,11.15,14.81,weight_loss
Lemon souffle,Other,168.51,6.95,10.02,13.43,weight_loss
Orange souffle,Other,168.28,6.8,9.73,14.2,weight_loss
Vanilla souffle,Other,187.85,7.71,11.19,14.78,weight_loss
Chocolate souffle,Other,189.32,7.88,11.36,14.74,weight_loss
Pineapple souffle ,Other,196.14,8.06,11.72,15.52,weight_loss
Apple mousse,Other,106.92,4.21,4.27,12.77,weight_loss
Rich chocolate mousse,Other,188.26,7.96,12.19,10.84,weight_loss
Mango mousse,Other,124.98,3.21,8.47,9.14,weight_loss
Orange and pineapple cream,Other,101.18,1.44,5.43,11.96,weight_loss
Charlotte rousse,Other,188.29,3.95,4.78,34.08,weight_loss
Triffle pudding,Other,116.97,2.93,3.93,18.24,weight_loss
Snow flakes pudding,Other,95.21,4.67,4.97,8.07,weight_loss
Kulfi,Other,98.43,3.21,4.7,11.3,weight_loss
Steamed orange pudding,Breakfast,278.03,2.34,12.04,41.53,weight_loss
Meringue and rice pudding,Lunch/Dinner,112.93,4.84,4.05,14.6,weight_loss
Cheese pudding,Other,285.01,11.29,18.37,19.27,weight_loss
Chocolate pudding,Other,211.96,3.55,9.48,29.59,weight_loss
Bread and butter pudding ,Breakfast,167.94,5.59,7.88,19.63,weight_loss
Queen of pudding,Other,132.92,5.51,5.38,16.35,weight_loss
Pineapple upside down pudding,Other,257.73,3.15,11.91,35.73,weight_loss
Date and nut pie,Other,322.42,3.93,13.31,46.86,weight_gain
Stewed apple with custard,Other,92.87,1.27,1.82,18.36,weight_loss
Apple snowballs,Other,101.51,0.86,0.31,24.58,weight_loss
Hot orange souffle,Other,179.97,6.87,8.95,18.77,weight_loss
Hot chocolate souffle,Other,226.09,6.7,11.1,26.21,weight_loss
Hot vanilla souffle,Other,192.93,6.87,9.07,21.77,weight_loss
Plain burfi (Burfi),Other,408.32,9.82,27.96,30.88,weight_gain
Coconut burfi (Nariyal ki burfi),Other,467.64,8.81,34.63,32.15,weight_gain
Bottle gourd burfi (Ghiya/Lauki burfi),Other,275.96,5.86,17.68,24.51,weight_loss
Chocolate burfi,Other,339.33,13.0,17.86,33.15,weight_gain
Cashewnut burfi (Kaju burfi/Kaju katli),Other,421.74,5.48,28.46,37.92,weight_gain
Gram flour burfi (Besan burfi),Other,421.79,11.19,22.41,46.59,weight_gain
Semolina ladoo with khoya (Suji/Rava aur khoye ke ladoo ),Other,428.71,6.71,21.86,52.86,weight_gain
Semolina ladoo with coconut (Suji/Rava aur nariyal ke ladoo ),Other,464.43,5.68,27.03,50.9,weight_gain
Gram flour ladoo (Besan ladoo),Other,476.91,8.93,22.76,62.61,weight_gain
Sesame ladoo (Til ke ladoo),Other,396.96,10.7,19.64,43.5,weight_gain
Chenna murki,Other,252.69,10.46,8.2,36.01,weight_loss
Milk cake,Other,127.41,3.01,8.93,9.13,weight_loss
Ghujia/Lavang latika,Other,768.98,1.86,78.93,13.0,weight_gain
Gulab Jamun with khoya,Other,586.06,2.03,53.23,26.09,weight_gain
Mal pua,Other,566.68,1.71,54.64,17.56,weight_gain
Shahi tukre,Other,189.81,2.76,2.54,41.46,weight_loss
Potato pakora/pakoda (Aloo pakoda),Snack,677.19,1.9,71.84,6.04,weight_gain
Onion pakora/pakoda (Pyaaz ke pakode),Snack,674.61,1.9,71.84,5.41,weight_gain
Cauliflower pakora/pakoda (Phoolgobhi ke pakode),Snack,671.63,1.98,71.86,4.52,weight_gain
Mixed vegetable pakora/pakoda,Snack,673.81,1.94,71.86,5.12,weight_gain
Spinach pakora/pakoda (Palak pakoda),Snack,712.62,1.96,76.38,4.68,weight_gain
Methi pakora/pakoda (Methi ke pakode),Snack,713.25,2.06,76.39,4.68,weight_gain
Egg pakora/pakoda (Ande ke pakode),Snack,710.51,2.83,75.86,4.48,weight_gain
Bread pakora/pakoda,Breakfast,710.99,2.57,74.2,8.87,weight_gain
Paneer pakora/pakoda,Snack,718.12,3.27,76.05,5.52,weight_gain
Potato bonda (Aloo bonda),Other,632.84,1.09,67.8,4.53,weight_gain
Potato samosa (Aloo ka samosa),Snack,577.39,1.71,59.19,9.21,weight_gain
Minced meat samosa (Keema ka samosa),Snack,620.99,4.43,64.26,6.14,weight_gain
Paneer and pea samosa (Paneer matar ka samosa),Snack,623.81,4.02,63.65,8.55,weight_gain
Mathri,Other,805.12,1.75,83.1,12.32,weight_gain
Khasta kachori,Other,712.73,2.51,72.27,12.81,weight_gain
Vegetable cutlet,Snack,665.45,1.25,71.33,4.68,weight_gain
Flattened rice cutlet (Chirwa cutlet/Chivda cutlet/Poha cutlet),Breakfast,701.71,1.76,73.89,7.39,weight_gain
Peanut cutlet (Mungfali ke cutlet),Snack,698.77,2.63,74.0,5.68,weight_gain
Fish cutlet (Machli ka cutlet),Snack,654.64,2.77,70.11,3.13,weight_gain
Paneer potato cutlet (Paneer aloo cutlet),Snack,672.94,2.47,71.4,5.23,weight_gain
Spinach chickpeas cutlet (Palak channa dal cutlet),Lunch/Dinner,688.03,1.44,73.6,4.93,weight_gain
Cheese toast,Other,785.37,1.98,84.11,5.49,weight_gain
Vegetable burger,Other,519.93,3.26,50.63,13.69,weight_gain
Cheese pizza,Other,249.5,5.79,12.43,30.62,weight_loss
Vegetable seekh kebab,Other,690.73,1.57,73.72,5.32,weight_gain
Masala vada,Other,826.02,1.69,89.15,4.06,weight_gain
Peanut sago vada (Sabudana mungfali vada),Other,749.89,1.01,79.82,7.14,weight_gain
Vegeterian scotch egg,Other,681.67,2.16,72.77,4.64,weight_gain
Paneer shaslik/tikka,Other,93.85,5.11,4.49,7.98,weight_loss
Peanut brittle (Moongfali ki chikki),Other,320.46,6.94,11.13,47.46,weight_gain
Spring roll,Snack,623.87,1.81,64.63,8.56,weight_gain
Dry mango chutney (Sookhe aam ki chutney),Other,298.13,2.43,0.7,69.17,weight_loss
Peanut chutney (Mungfali ki chutney),Other,258.37,11.8,19.06,9.87,weight_loss
Coconut chutney (Nariyal ki chutney),Other,265.92,3.59,25.0,8.29,weight_loss
Mint and coriander chutney (Pudinay aur dhaniye ki chutney),Other,102.6,2.81,0.51,21.18,weight_loss
Custard tart,Other,225.6,3.72,10.73,28.66,weight_loss
Lemon tart,Other,303.35,6.12,17.45,30.68,weight_gain
Jam tart,Other,360.72,4.42,17.35,46.18,weight_gain
Orange cream tart,Other,197.16,2.58,8.72,27.43,weight_loss
Pineapple tart,Other,195.4,2.29,8.21,28.62,weight_loss
Cheese and mushroom tart,Other,246.1,5.51,15.28,21.43,weight_loss
Cottage cheese pie,Other,238.98,7.45,13.83,20.66,weight_loss
Minced meat pie,Other,221.55,7.38,13.04,18.11,weight_loss
Apple cinnamon pie,Other,258.73,3.35,12.21,33.68,weight_loss
Lemon meringue pie,Other,224.43,3.88,8.16,35.11,weight_loss
Chocolate meringue pie,Other,214.76,4.98,9.17,28.8,weight_loss
Cream puffs,Other,221.33,4.7,15.48,16.0,weight_loss
Chocolate eclairs,Other,239.42,4.24,13.5,26.22,weight_loss
Cheese balls,Other,681.28,2.21,72.57,4.81,weight_gain
Minced meat patties,Other,265.72,6.88,19.57,15.25,weight_loss
Cheese patties,Other,324.01,7.38,22.67,22.23,weight_gain
Hot cheese souffle,Other,177.1,9.18,13.23,5.41,weight_loss
Hot potato souffle,Other,125.64,5.51,7.64,8.56,weight_loss
Hot fish souffle,Other,142.92,11.23,9.24,3.69,weight_loss
Hot spinach souffle,Other,104.25,5.43,7.24,4.19,weight_loss
Plain cream cake,Other,353.94,6.18,16.17,47.18,weight_gain
Apple cake (Seb ka cake),Other,290.08,4.94,12.87,39.48,weight_loss
Marble cake,Other,354.11,6.3,16.27,46.88,weight_gain
Chocolate cake,Other,335.61,6.01,15.18,45.14,weight_gain
Orange cake,Other,357.61,6.1,16.21,48.28,weight_gain
Fruit Loaf ,Other,324.19,5.36,13.31,46.49,weight_gain
Banana cake (Kele ka cake),Other,389.51,5.77,23.31,40.0,weight_gain
Chocolate chiffon cake,Other,311.71,5.76,15.8,37.87,weight_gain
Christmas cake,Other,372.95,5.49,16.88,48.29,weight_gain
Strawberry and vanilla cake with butter icing,Other,370.54,3.89,20.39,44.25,weight_gain
Eggless cake,Other,318.08,8.12,11.75,46.14,weight_gain
Swiss roll,Snack,251.87,7.3,3.77,48.34,weight_loss
Pineapple pastry ,Other,208.21,6.06,7.87,29.04,weight_loss
Black forest pastry,Other,233.55,6.09,8.46,34.48,weight_loss
Coconut finger,Other,274.86,7.09,8.86,42.56,weight_loss
Pineapple cake ,Other,195.57,5.01,9.34,23.51,weight_loss
Chocolate walnut cookies (Chocolate aur akhrot ke cookies),Other,424.8,6.56,23.62,47.1,weight_gain
Chocolate chip cookies,Other,425.29,5.79,19.38,57.98,weight_gain
Sweet plain biscuit,Other,380.76,5.86,17.67,50.29,weight_gain
Chocolate biscuit,Other,379.76,5.88,17.09,51.56,weight_gain
Coconut biscuit (Nariyal ke biscuit),Other,434.98,5.78,27.16,42.9,weight_gain
Sweet and salty biscuit (Meethay aur namkeen biscuit),Other,407.96,6.15,22.39,45.09,weight_gain
Peanut biscuit,Other,401.05,8.45,20.41,46.72,weight_gain
Pin wheel biscuit,Other,404.6,5.4,18.66,54.56,weight_gain
Saffron biscuit (Kesar biscuit),Other,458.61,6.05,22.01,59.7,weight_gain
Masala biscuit,Other,393.64,6.06,20.75,45.18,weight_gain
Ice box cookies,Other,374.24,5.7,14.44,56.09,weight_gain
Ginger bread man,Breakfast,365.0,6.61,11.01,60.26,weight_gain
Danish cookies,Other,475.33,5.33,24.92,58.0,weight_gain
Short bread cookies,Breakfast,443.09,6.03,17.98,64.82,weight_gain
Coffee biscuit,Breakfast,416.57,6.9,23.0,46.55,weight_gain
Melting moments,Other,437.91,5.71,21.78,55.84,weight_gain
Ginger biscuit (Adarak ke biscuit),Other,417.91,5.98,18.31,58.44,weight_gain
Soyabean muthias,Other,839.33,2.46,90.45,3.7,weight_gain
Soyabean tikki,Other,698.17,3.53,74.02,4.39,weight_gain
Soyabean namak paras,Other,838.46,2.65,89.83,4.65,weight_gain
Peanut burfi (Moongfali ki burfi),Other,550.99,9.31,36.84,48.14,weight_gain
Spinach peanut namak paras (Palak moongfali namak paras),Other,740.16,1.65,78.51,6.62,weight_gain
Gram flour and semolina chilla/cheela/savory pancake (Besan suji chilla/cheela),Breakfast,758.89,2.08,80.04,7.63,weight_gain
Rice moong dal cheela (Chawal aur moong dal ka cheela),Lunch/Dinner,798.26,2.74,82.44,11.13,weight_gain
Split bengal gram sweet rice (Channa dal sweet rice),Lunch/Dinner,190.21,4.15,0.64,41.07,weight_loss
Sweet poori (Meethi poori),Other,782.75,2.12,79.63,14.26,weight_gain
Wheat flour and moong dal burfi (Atta aur moong dal ki burfi),Lunch/Dinner,441.08,9.84,18.41,60.0,weight_gain
Spinach burfi (Palak burfi),Other,121.17,2.71,6.81,12.76,weight_loss
Sweet split chickpea roti (Sweet channa dal roti/Puranpoli),Lunch/Dinner,366.59,9.51,7.93,62.66,weight_gain
Sprouted moong daliya ,Lunch/Dinner,111.56,2.81,4.71,14.77,weight_loss
Sprouted moong poha ,Breakfast,192.6,5.59,6.89,26.6,weight_loss
Pearl millet ladoo (Bajra ladoo),Other,319.66,9.61,8.06,50.98,weight_gain
Paushtik ladoo,Other,485.87,7.65,24.98,60.34,weight_gain
Paushtik roti,Lunch/Dinner,149.26,7.17,1.51,26.59,weight_loss
Semolina carrot vada (Suji gajar vada),Other,699.53,1.56,74.07,6.52,weight_gain
Dhokla,Other,216.49,13.45,5.28,30.68,weight_loss
Kashmiri tea (Kehwa),Breakfast,24.9,0.17,0.51,5.23,weight_loss
Steeped hot coffee,Breakfast,15.91,0.39,0.33,3.01,weight_loss
Hot chocolate,Other,90.01,3.43,4.61,9.02,weight_loss
Cold coffee (with cream),Breakfast,82.76,1.93,3.29,11.98,weight_loss
Banana milkshake with ice cream (Kele ka milkshake ice cream ke saath),Beverage,76.45,2.01,2.77,11.15,weight_loss
Flavoured milkshake,Beverage,66.78,2.06,2.83,8.65,weight_loss
Jal jeera,Other,30.24,0.44,0.26,6.7,weight_loss
Gingo,Other,48.02,0.14,0.06,12.42,weight_loss
Mintade,Other,40.32,0.03,0.02,10.59,weight_loss
Canjee,Other,6.61,0.24,0.42,0.44,weight_loss
Cauliflower canjee (Phoolgobhi ki canjee),Other,6.9,0.39,0.42,0.35,weight_loss
Potato canjee (Aloo canjee),Other,16.26,0.44,0.39,2.69,weight_loss
Vermicelli porridge (Semiya/Seviyan porridge),Other,78.4,2.5,2.98,10.56,weight_loss
Semolina upma (Suji/Rava upma),Breakfast,147.89,3.3,7.49,16.31,weight_loss
Vermicelli upma (Semiya/Seviyan upma),Breakfast,149.11,3.11,7.45,16.88,weight_loss
Rice upma,Breakfast,151.27,2.63,7.46,17.96,weight_loss
Bread upma,Breakfast,129.51,2.8,7.75,12.6,weight_loss
Vegetable upma,Breakfast,146.47,4.73,6.63,16.46,weight_loss
Poha,Breakfast,294.53,6.09,14.14,35.05,weight_loss
Vegetable poha,Breakfast,180.52,4.89,8.07,21.52,weight_loss
Moong dal stuffed cheela/chilla (Moong dal ka cheela/chilla),Lunch/Dinner,154.89,6.97,5.11,19.42,weight_loss
Paneer stuffed cheela/chilla,Other,205.19,11.44,8.89,19.16,weight_loss
Indian style egg bhujia (Anda bhujia (Indian style)),Other,102.83,6.1,7.02,3.76,weight_loss
French omelette/omlet,Breakfast,211.04,10.03,18.86,0.41,weight_loss
Puffy omelette/omlet,Breakfast,188.15,8.82,16.84,0.08,weight_loss
Orange omelette/omlet,Breakfast,194.66,8.93,16.84,1.68,weight_loss
Cheese and mushroom omelette/omlet,Breakfast,205.63,9.69,17.82,1.68,weight_loss
Spanish omelette/omlet,Breakfast,157.45,8.25,11.44,5.1,weight_loss
Mixed stock,Other,25.19,2.06,1.71,0.33,weight_loss
Meat stock,Other,24.48,2.1,1.78,0.0,weight_loss
White stock,Other,6.99,0.07,0.56,0.4,weight_loss
Meat consomme (with mutton),Other,29.76,14.86,13.68,0.51,weight_loss
Consomme au julienne,Other,27.76,12.49,10.66,1.49,weight_loss
Consomme au vermicelli,Other,29.94,15.23,12.98,1.3,weight_loss
Green pea soup (Matar ka soup),Other,39.81,11.06,12.9,3.63,weight_loss
Spinach soup (Palak ka soup),Other,32.59,10.54,14.26,3.03,weight_loss
Mixed vegetable soup,Other,35.71,8.22,11.66,2.95,weight_loss
Cheese soup,Other,41.13,12.39,17.07,1.87,weight_loss
Mulligatawny soup,Other,54.42,11.26,13.28,8.24,weight_loss
Cream of carrot soup,Other,59.77,8.27,12.35,5.69,weight_loss
Cream of broccoli soup,Other,56.14,8.97,12.75,3.72,weight_loss
Cream of potato soup,Other,60.2,8.1,12.05,6.14,weight_loss
Almond soup (Badam ka soup),Other,78.65,10.13,13.8,3.68,weight_loss
Cold cucumber cream soup ,Other,11.88,0.34,0.34,1.76,weight_loss
Cold tomato soup,Other,16.9,0.11,1.56,0.59,weight_loss
Chicken stew,Other,127.55,7.19,8.91,4.44,weight_loss
Veg paneer stew,Other,145.55,6.98,8.41,10.22,weight_loss
Onion-green chilli parantha/paratha (Pyaaz aur hari mirch ka parantha/paratha),Breakfast,191.27,4.37,7.27,26.37,weight_loss
Methi parantha/paratha,Breakfast,148.36,4.27,4.34,22.19,weight_loss
Bathua poori,Other,598.79,2.35,59.14,13.85,weight_gain
Gram flour poori (Besan poori),Other,697.66,2.59,71.51,10.93,weight_gain
Beetroot poori (Chukandar ki poori),Other,527.66,1.91,52.18,12.29,weight_gain
Peas poori (Matar ki poori),Other,592.83,3.04,57.69,14.92,weight_gain
Peas kachori (Matar kachori),Other,584.68,3.21,57.51,13.25,weight_gain
Pizza,Other,146.77,6.85,8.72,9.94,weight_loss
Bacon and mushroom pancake,Breakfast,157.67,6.82,10.6,8.47,weight_loss
Cheese and tomato pancake,Breakfast,147.39,5.15,9.28,10.66,weight_loss
Minced meat pancake (with chicken),Breakfast,116.04,12.01,10.48,8.18,weight_loss
Eggplant/Brinjal rice (Vangi bhat),Lunch/Dinner,184.8,5.28,3.67,31.74,weight_loss
Kashmiri 'tahar',Other,98.21,1.95,1.37,19.11,weight_loss
Cumin pulao (Jeera/Zeera pulao),Lunch/Dinner,135.24,2.47,3.2,23.61,weight_loss
Peas pulao (Matar pulao),Lunch/Dinner,108.87,3.89,1.9,18.42,weight_loss
Split bengal gram dal and vegetable pulao (Channa dal and vegetable pulao),Lunch/Dinner,116.53,3.6,2.3,19.72,weight_loss
Black channa pulao/ Bengal gram pulao (Kale chane ka pulao),Lunch/Dinner,125.51,3.44,2.58,21.55,weight_loss
Mutton pulao,Lunch/Dinner,130.77,6.52,10.78,11.26,weight_loss
Chicken pulao,Lunch/Dinner,108.24,6.07,8.48,11.17,weight_loss
Mexican rice,Lunch/Dinner,120.57,4.62,4.88,14.21,weight_loss
Plain khitchdi (Plain khichri/khichdi),Other,57.03,1.72,1.01,10.04,weight_loss
Instant idli (with semolina),Breakfast,247.29,9.16,3.61,43.4,weight_loss
Plain dosa,Breakfast,380.91,10.34,8.43,64.08,weight_gain
Masala dosa mixed vegetable fillings,Breakfast,144.53,4.84,3.26,23.02,weight_loss
Masala dosa paneer fillings,Breakfast,243.12,10.31,8.84,29.76,weight_loss
Uttapam,Other,255.95,6.18,9.03,36.28,weight_loss
Appam,Other,267.7,3.12,22.63,13.28,weight_loss
Beans and macaroni,Other,136.08,4.58,7.01,14.24,weight_loss
Spaghetti bolognese,Other,97.43,9.35,9.51,10.04,weight_loss
Meat and macaroni casserole,Other,161.55,9.15,10.17,16.12,weight_loss
Spaghetti with meat balls and tomato sauce,Other,158.13,5.61,10.64,10.46,weight_loss
Spaghetti with paneer balls and tomato sauce,Other,158.54,3.95,10.44,12.72,weight_loss
Lasagne with meat sauce,Other,63.38,2.9,3.43,5.38,weight_loss
Lasagne with vegetables,Other,49.23,1.71,2.16,5.9,weight_loss
Home made egg noodles,Other,240.84,6.55,4.37,42.92,weight_loss
Sour lentils (Khatti dal),Lunch/Dinner,34.79,2.22,0.12,6.04,weight_loss
Urad special dehusked,Other,69.43,3.14,2.17,8.86,weight_loss
Arhar with spinach (Arhar dal aur palak),Lunch/Dinner,52.84,2.05,2.76,4.77,weight_loss
Moong dal with vadi,Lunch/Dinner,24.08,0.4,2.05,1.0,weight_loss
Rasam with tamarind (Puli rasam/ Chintapandu rasam/ Charu/Saaru),Other,26.74,1.13,0.88,3.37,weight_loss
Rasam with lemon (Nimmakaya rasam/Nimmakaya charu/Elumichai rasam/Nimbe hannina saaru),Other,24.41,1.11,0.87,2.85,weight_loss
Green gram whole with baghar (Sabut moong dal with tadka),Lunch/Dinner,63.43,3.23,2.48,6.8,weight_loss
Urad sabut special,Other,79.39,2.33,5.46,5.03,weight_loss
Kabuli channa curry,Lunch/Dinner,68.57,2.92,3.06,7.63,weight_loss
Besan gatte curry,Lunch/Dinner,189.38,7.75,10.72,16.26,weight_loss
Dry masala chops,Other,135.07,9.08,9.54,3.3,weight_loss
Mutton korma,Other,115.64,7.09,8.54,2.53,weight_loss
Shahi keema kofta curry,Lunch/Dinner,418.13,4.14,43.83,1.73,weight_gain
Minced meat ball curry,Lunch/Dinner,109.79,6.82,7.85,2.86,weight_loss
Boti kebab,Other,132.86,9.22,9.27,3.06,weight_loss
Mutton seekh kebab,Other,133.94,11.25,8.43,3.11,weight_loss
Indian lamb and egg curry (Nargisi kofta),Lunch/Dinner,335.75,3.84,34.7,2.07,weight_gain
Soya chunks sweet and sour (Nutrinugget sweet and sour),Other,500.94,2.85,55.99,3.27,weight_gain
Soya chunks korma (Nutrinugget korma),Other,131.43,3.86,9.5,7.67,weight_loss
Mushroom matar,Other,70.77,2.79,4.11,5.33,weight_loss
Soya chunks and peas (Nutrinugget matar),Other,82.62,3.03,5.11,5.82,weight_loss
Vegetable yakhni,Other,406.06,1.18,43.8,1.94,weight_gain
Spinach mushroom (Palak mushroom),Other,47.63,1.94,2.96,2.95,weight_loss
Vegetarian nargisi kofta curry,Lunch/Dinner,332.15,2.29,32.94,6.58,weight_gain
Roast chicken,Other,199.9,20.49,13.06,0.1,weight_loss
Shahi chicken masala,Other,163.7,9.82,12.02,4.07,weight_loss
Tomato chicken,Other,111.68,10.57,6.71,2.13,weight_loss
Creamy chicken,Other,152.87,13.52,9.57,3.13,weight_loss
Broccoli chicken ala king,Other,119.56,7.97,7.57,5.34,weight_loss
Ginger chicken,Other,129.17,8.24,8.24,5.6,weight_loss
Chicken sweet and sour,Other,445.09,6.92,47.59,2.67,weight_gain
Chicken korma,Other,147.96,9.83,9.67,5.43,weight_loss
Bengal fish curry (Bengali machli curry),Lunch/Dinner,109.43,7.26,7.03,4.42,weight_loss
Fish finger,Other,542.9,5.66,55.82,4.47,weight_gain
Fish in coconut milk (Nariyal ke doodh ke saath machli),Other,86.21,8.66,4.43,2.73,weight_loss
Prawn curry (with coconut) (Jhinga curry),Lunch/Dinner,109.55,8.54,6.93,3.1,weight_loss
Baked stuffed fish,Other,121.96,16.14,5.43,2.12,weight_loss
Fish pie,Other,120.9,9.25,5.77,7.74,weight_loss
Crispy baked fish,Other,138.4,10.95,6.41,9.59,weight_loss
Fish souffle,Other,139.71,10.51,8.55,5.14,weight_loss
Potato curry (Aloo ki sabzi),Lunch/Dinner,89.56,1.52,4.47,10.42,weight_loss
Egg curry (Anda curry),Lunch/Dinner,117.52,5.38,8.81,4.03,weight_loss
Vegetable curry with coconut ,Lunch/Dinner,83.07,2.77,4.66,7.19,weight_loss
Curd with potatoes (Dahi aloo),Other,59.9,1.56,2.72,7.15,weight_loss
Potato kofta curry (Aloo kofta curry),Lunch/Dinner,455.4,0.56,49.08,2.78,weight_gain
Yam kofta curry (Zimikand/Suran kofta curry),Lunch/Dinner,322.88,0.71,33.84,3.75,weight_gain
Jackfruit kofta curry (Kathal ka kofta curry),Lunch/Dinner,321.08,0.8,33.83,3.17,weight_gain
Spinach and potato (Palak aloo),Other,57.17,1.63,2.82,5.91,weight_loss
Mooli bhujia,Other,91.2,1.69,7.25,4.74,weight_loss
Bathua bhujia,Other,90.9,2.26,7.29,3.63,weight_loss
Cabbage rolls (dry) ((Pattagobhi rolls) (dry)),Snack,142.48,8.21,9.36,6.09,weight_loss
Cabbage rolls (curry) ((Pattagobhi rolls)(curry)),Lunch/Dinner,124.63,5.76,8.17,7.03,weight_loss
Dry arbi (Sookhi arbi),Other,134.95,2.12,8.97,11.11,weight_loss
Masala arbi,Other,185.38,3.01,11.9,16.16,weight_loss
Peas brinjal bhartha (Matar baingan bhartha),Other,84.55,2.05,6.05,5.02,weight_loss
Okra/Lady's fingers fry (Bhindi sabzi/sabji/subji),Lunch/Dinner,110.81,1.83,9.27,4.5,weight_loss
Crispy okra/Crispy lady's fingers (Karare bhindi),Other,657.76,1.91,70.4,4.35,weight_gain
Beans foogath,Other,105.06,2.03,9.22,3.26,weight_loss
Stuffed bittergourd (wet) (Bharwa karele),Other,162.36,1.36,15.24,4.68,weight_loss
Jackfruit/Kathal (dry),Other,488.97,0.93,51.78,4.56,weight_gain
Yam fried (Zimikand/Suran fried),Other,491.76,0.79,51.79,5.47,weight_gain
"Cauliflower, pea and potato bhujia (Phoolgobhi, matar aur aloo bhujia)",Other,95.67,2.75,5.54,8.23,weight_loss
Vegetable jalfrezi,Other,68.48,1.4,4.38,5.43,weight_loss
Vegetables stir fry ,Other,30.78,1.04,1.47,3.19,weight_loss
Broccoli delight,Other,40.7,2.49,2.48,2.34,weight_loss
Dhansak (vegetarian),Other,82.8,3.32,4.18,7.28,weight_loss
Cauliflower basket,Other,90.95,5.21,5.88,3.97,weight_loss
Stuffed bottle gourd (Stuffed ghiya/lauki),Other,93.19,5.84,5.8,4.36,weight_loss
Ducheese potato,Other,140.54,3.6,9.01,10.94,weight_loss
Roast potatoes ,Other,87.32,1.53,2.35,14.52,weight_loss
Stuffed baked potatoes ,Other,100.2,3.82,4.39,11.03,weight_loss
Potato nests,Other,111.62,5.71,4.77,11.05,weight_loss
Parsley potato,Other,119.51,1.49,6.28,13.81,weight_loss
Creamed spinach and mushroom,Other,419.62,2.28,44.14,3.17,weight_gain
Fricassee of Mushroom,Other,106.66,3.65,6.63,8.13,weight_loss
Cauliflower au gratin,Other,145.9,4.45,10.2,9.13,weight_loss
Vegetable and cheese pie,Other,126.88,4.03,8.28,8.76,weight_loss
Spinach souffle ,Other,150.18,7.36,10.52,6.27,weight_loss
Beetroot and egg salad (Chukandar aur ande ka salad),Other,84.92,3.36,6.45,3.4,weight_loss
Sour cream potato salad,Other,121.9,2.89,8.13,9.05,weight_loss
Tossed green salad,Other,49.88,1.33,3.24,3.82,weight_loss
Spring basket salad,Other,160.46,3.36,11.3,11.61,weight_loss
Cucumber and yogurt salad (Kheere aur dahi ka salad),Other,36.13,2.09,0.93,4.72,weight_loss
Chicken and tomato towers,Other,100.55,6.9,6.99,2.36,weight_loss
Jellied sunshine fruit salad,Other,48.86,5.85,0.85,4.21,weight_loss
Tomato aspic,Other,50.37,6.87,0.26,5.02,weight_loss
Frozen frosty fruit salad (Phalon ka salaad),Other,103.51,1.68,4.17,15.61,weight_loss
French dressing,Other,733.77,0.32,79.65,3.68,weight_gain
Mayonnaise without eggs,Other,329.05,2.13,33.84,3.98,weight_gain
Curd dressing ,Other,78.8,5.59,2.9,8.03,weight_loss
Carrot raita (Gajar ka raita),Other,64.78,4.14,2.19,7.19,weight_loss
Pumpkin raita (Kaddu ka raita),Other,55.6,3.74,1.88,6.02,weight_loss
Mint and peanut raita (Pudinay aur moongfali ka raita),Other,112.05,7.05,6.19,7.31,weight_loss
Spinach raita (Palak ka raita),Other,52.75,3.95,1.86,5.06,weight_loss
Bathua raita,Other,54.4,4.13,1.76,5.31,weight_loss
Pineapple raita (Ananas ka raita),Other,67.74,3.9,2.02,8.62,weight_loss
Banana raita (Kele ka raita),Other,89.03,4.13,2.07,13.51,weight_loss
Mango raita (Aam ka raita),Other,67.37,3.9,2.14,8.23,weight_loss
Guava raita (Amarood ka raita),Other,64.36,4.19,2.07,7.27,weight_loss
Grapes raita (Angoor ka raita),Other,72.59,3.98,2.07,9.66,weight_loss
Bottle gourd kheer (Ghiya/Lauki kheer),Other,84.07,2.7,3.86,10.0,weight_loss
Pumpkin kheer (Kaddu ki kheer),Other,86.35,2.76,3.86,10.44,weight_loss
Apple kheer (Seb ki kheer),Other,81.3,2.14,3.18,11.34,weight_loss
Caramel custard (baked),Other,122.7,5.11,5.01,14.95,weight_loss
Vanilla ice cream without egg,Other,228.67,2.69,18.15,14.21,weight_loss
Vanilla ice cream with egg,Other,214.85,4.16,17.02,11.71,weight_loss
Strawberry ice cream,Other,215.61,4.15,16.96,12.26,weight_loss
Chocochip ice cream,Other,241.45,4.23,17.93,16.75,weight_loss
Choconut ice cream,Other,273.96,5.04,18.49,23.13,weight_loss
Pear chocholate sunday,Other,183.49,2.08,13.11,15.02,weight_loss
Chocolate sauce,Other,263.2,1.91,10.39,43.21,weight_loss
Coffee ice cream,Breakfast,150.62,3.15,9.43,14.09,weight_loss
Coffee pear alaska,Breakfast,203.99,2.88,13.22,19.36,weight_loss
Crunchy butterscotch,Other,277.32,3.11,20.99,19.92,weight_loss
Peach melba ice cream,Other,200.85,2.06,14.51,16.31,weight_loss
Vanilla ice cream with apples in hot cherry sauce,Other,196.32,1.73,11.45,22.75,weight_loss
Grape and orange whip,Other,57.39,1.41,2.62,6.72,weight_loss
Honey banana cream,Other,125.49,2.78,6.68,13.64,weight_loss
Raspberry bavarian cream,Other,150.1,3.34,7.88,17.82,weight_loss
Fruit delight,Other,107.09,2.09,7.09,9.11,weight_loss
Creamy chocolate mousse,Other,230.52,6.85,18.16,9.53,weight_loss
Cold lemon souffle,Other,169.87,5.89,9.78,15.62,weight_loss
Cold orange souffle,Other,173.19,5.94,9.82,16.27,weight_loss
Cold pineapple souffle,Other,181.22,6.23,10.39,16.85,weight_loss
Cold vanilla souffle,Other,179.54,6.22,10.32,16.29,weight_loss
Cold chocolate souffle,Other,187.53,6.37,10.86,17.22,weight_loss
Stewed fruit (with pear),Other,74.32,0.25,0.32,18.22,weight_loss
Apricot fool,Other,240.79,1.54,11.35,33.64,weight_loss
Pavlova,Other,200.6,1.84,12.29,21.84,weight_loss
Apple crumb pudding,Other,220.85,1.54,8.87,35.17,weight_loss
Steamed cake with chocolate sauce,Breakfast,301.91,4.49,19.01,29.06,weight_gain
Hot lemon souffle,Other,155.25,5.29,7.93,16.31,weight_loss
Gulab jamun with milk powder,Other,471.15,0.85,40.15,28.24,weight_gain
Chum chum,Other,130.05,1.52,1.92,28.27,weight_loss
Dil bahar,Other,130.05,1.52,1.92,28.27,weight_loss
Rasbhari,Other,130.05,1.52,1.92,28.27,weight_loss
Rajbogh,Other,133.7,1.71,2.28,28.16,weight_loss
Rasgulla,Other,118.64,1.38,1.75,25.79,weight_loss
Rasmalai,Other,135.55,1.61,2.11,29.17,weight_loss
Khoa coconut burfi,Other,411.45,9.98,26.01,36.55,weight_gain
Danedar burfi,Other,102.68,3.24,4.72,12.33,weight_loss
Semolina burfi (Suji/Rava burfi),Other,348.67,3.47,16.86,47.1,weight_gain
Pumpkin coconut burfi (Kaddu aur nariyal ki burfi),Other,186.18,1.75,12.66,17.02,weight_loss
Khoa ladoo,Other,396.02,12.21,24.09,34.43,weight_gain
Wheat and gram flour ladoo (Atta besan ladoo),Other,501.7,9.38,29.86,50.5,weight_gain
Semolina ladoo with nuts (Suji/Rava ladoo with nuts),Other,441.84,5.44,25.45,48.02,weight_gain
Sesame chickpeas brittle (Til aur channe ki chikki),Other,282.74,8.5,4.66,50.49,weight_loss
Murmura chikki,Other,253.82,2.12,0.32,59.59,weight_loss
Masala onion pakora/pakoda (Pyaaz ke pakode),Snack,551.64,2.05,57.61,6.48,weight_gain
Masala green chilli pakora/pakoda (Hari mirch kay pakode),Snack,668.76,2.22,71.01,5.55,weight_gain
Chicken pakora/pakoda,Snack,590.09,6.03,60.98,4.55,weight_gain
Fish pakora/pakoda,Snack,577.03,5.97,59.52,4.55,weight_gain
Paneer cutlet,Snack,672.2,4.59,69.38,7.62,weight_gain
Sago cutlet/vadas (Sabudana cutlet/vadas),Snack,558.76,0.56,56.97,11.23,weight_gain
Poshtik cutlet,Snack,496.45,2.0,50.94,7.39,weight_gain
Egg cutlet (Anda cutlet),Snack,575.02,2.45,60.25,5.77,weight_gain
Minced meat cutlet,Snack,531.86,5.1,54.47,5.61,weight_gain
Vegetable samosa,Snack,443.11,2.21,42.22,13.22,weight_gain
Plain urad dal vada (Uzunne vada/Minapa garelu/Ulundu vadai/Medu vada),Lunch/Dinner,745.5,4.39,76.32,9.7,weight_gain
Masala urad dal vada,Lunch/Dinner,703.78,4.32,71.62,9.93,weight_gain
Khaman (dhokla),Other,54.73,1.92,2.8,5.36,weight_loss
Instant dhokla,Other,207.11,7.66,9.37,24.11,weight_loss
Tomato ginger chutney (Tamatar adarak ki chutney),Other,44.66,1.05,0.32,9.11,weight_loss
Mint tomato chutney (Pudinay aur tamatar ki chutney),Other,43.65,1.53,0.36,8.22,weight_loss
Coriander chutney (Hare dhaniye ki chutney),Other,42.86,1.38,0.37,8.16,weight_loss
Gooseberry chutney (Amla chutney),Other,43.02,1.44,0.62,8.83,weight_loss
Walnut chutney (Akhrot ki chutney),Other,370.43,9.44,33.46,8.91,weight_gain
Saunth/Sonth chutney with ginger,Other,84.22,0.28,0.11,20.62,weight_loss
Gun powder chutney,Other,312.34,21.55,2.67,47.65,weight_gain
Dessicated coconut chutney (Sookhe kase nariyal ki chutney) ,Other,346.36,12.88,15.88,36.72,weight_gain
Curd mint dip ,Other,76.13,4.82,2.44,9.11,weight_loss
Curd vegetable dip,Other,56.21,3.88,1.94,6.04,weight_loss
Mayonnaise vegetable dip,Other,241.27,3.01,23.44,4.8,weight_loss
Tomato and cucumber sandwich (Tamatar aur kheere ka sandwich),Snack,150.68,4.03,6.31,20.51,weight_loss
Tomato sandwich (grilled),Snack,189.92,6.26,9.39,21.29,weight_loss
French sandwich (toasted),Snack,186.75,6.82,11.51,14.82,weight_loss
Peanut butter cucumber sandwich,Snack,243.33,9.04,10.56,29.76,weight_loss
Mint and peanut sandwich,Snack,273.59,7.18,13.88,31.83,weight_loss
Spicy chutney sandwich,Snack,249.58,8.74,9.58,34.03,weight_loss
Chicken walnut sandwich (Chicken aur akhrot ke sandwich),Snack,285.78,12.58,16.77,22.62,weight_loss
Rolled sandwich,Snack,293.07,6.45,15.29,34.69,weight_loss
Ribbon sandwich,Snack,239.26,6.26,13.37,24.76,weight_loss
Checker board sandwich,Snack,348.37,7.37,24.65,25.94,weight_gain
Submarine sandwich,Snack,216.92,6.09,15.32,13.6,weight_loss
Cheese open sandwich,Snack,274.07,9.84,14.24,28.42,weight_loss
Sunset and sunrise open sandwich,Snack,241.31,8.58,15.14,18.89,weight_loss
Danish luncheon sandwich,Snack,193.82,9.03,10.1,17.77,weight_loss
Chicken and corn open sandwich,Snack,188.16,8.63,8.83,19.21,weight_loss
Chocolate sponge cake,Other,239.86,9.13,5.51,39.54,weight_loss
Chocolate swiss roll,Snack,306.08,6.01,19.76,26.97,weight_gain
Lemon curd filling,Other,225.62,3.43,12.58,26.41,weight_loss
Jam filling,Other,184.62,0.0,0.0,46.15,weight_loss
Chocolate pastry,Other,243.37,7.05,10.12,32.24,weight_loss
Assorted pastry,Other,230.74,6.78,8.91,31.99,weight_loss
Orange gateau,Breakfast,178.05,4.78,6.02,27.01,weight_loss
Black forest gateau,Breakfast,217.82,5.94,8.58,30.57,weight_loss
Lemon cake,Other,373.85,5.29,20.63,43.1,weight_gain
Dundee cake,Other,396.62,7.78,22.7,41.4,weight_gain
Victorian sandwich cake,Snack,373.09,5.18,19.83,44.74,weight_gain
Chocolate eggless cake,Other,312.01,6.66,13.19,43.45,weight_gain
Orange eggless cake,Other,355.62,7.16,13.82,52.65,weight_gain
Chocolate glace icing,Other,436.29,3.22,20.8,62.43,weight_gain
Butter icing,Other,500.72,0.19,25.37,71.64,weight_gain
Chocolate butter icing,Other,469.59,3.21,24.77,61.72,weight_gain
Almond biscuit (Badam ke biscuit),Other,407.74,6.25,19.7,52.14,weight_gain
Orange biscuit,Other,354.78,3.63,11.01,62.11,weight_gain
Gingerman biscuit,Other,357.43,6.26,12.73,55.24,weight_gain
Coffee drops,Breakfast,443.07,7.57,27.16,43.06,weight_gain
Christmas biscuit,Other,406.07,5.67,15.88,60.97,weight_gain
Christmas wreath biscuit,Other,386.05,5.43,15.01,58.07,weight_gain
Christmas bell biscuit,Other,404.85,5.66,15.84,60.79,weight_gain
Christmas star biscuit,Other,392.03,3.54,10.04,74.54,weight_gain
Christmas tree biscuit,Other,385.63,5.43,15.0,58.41,weight_gain
Chocolate cream shells,Other,427.17,5.1,19.34,59.26,weight_gain
Jelly biscuit,Other,404.61,4.23,19.33,55.24,weight_gain
Cherry and walnut cookies,Other,422.6,5.63,18.75,59.35,weight_gain
Cheese straws,Other,382.0,9.83,24.28,30.61,weight_gain
Butterfly biscuit,Other,341.45,9.98,22.11,25.33,weight_gain
Flan pastry,Other,445.8,6.72,25.04,47.84,weight_gain
Fruit flan,Other,261.35,3.3,12.48,34.71,weight_loss
Orange cream flan,Other,280.28,4.73,13.59,36.16,weight_loss
Fruit puree tart,Other,286.5,3.35,16.83,30.42,weight_loss
Apple banana pie,Other,243.99,3.13,11.39,32.12,weight_loss
Lemon chiffon pie,Other,259.31,4.88,14.52,27.63,weight_loss
Orange chiffon pie,Other,207.57,3.89,11.16,23.14,weight_loss
Cream buns,Other,215.74,4.45,15.81,14.16,weight_loss
Savoury puffs,Other,190.79,9.51,15.24,10.8,weight_loss
Choux swans,Other,216.34,4.35,15.6,14.92,weight_loss
Potato aigrettes,Other,530.03,2.35,54.24,8.01,weight_gain
Cream horns,Other,408.23,3.42,33.55,23.12,weight_gain
Savoury cheese horns,Other,295.15,5.66,20.71,21.38,weight_loss
Paneer patties,Other,338.58,7.6,23.96,22.79,weight_gain
Vegetable patties ,Other,261.92,4.01,17.74,20.98,weight_loss
Pearl millet infant food (Bajra shishu aahaar),Other,362.44,11.98,6.62,62.1,weight_gain
Sajina,Other,345.26,10.81,3.03,66.87,weight_gain
Cereal mix ,Other,120.81,3.32,2.02,21.84,weight_loss
Pulse mix,Other,83.29,3.16,0.54,16.0,weight_loss
Shishu ahar,Other,93.37,2.61,1.43,17.42,weight_loss
Cereal pulse mix with amylase rice flour,Lunch/Dinner,151.57,4.27,2.74,27.8,weight_loss
Banana groundnut paste/puree,Other,213.19,4.27,5.45,36.15,weight_loss
Rice dal porridge (Chawal dal ki khichdi/khichri),Lunch/Dinner,383.33,10.8,8.33,65.04,weight_gain
Lentils and semolina porridge (Dal suji porridge/daliya),Lunch/Dinner,117.29,3.26,1.06,23.19,weight_loss
Spinach khichri (Palak khichri/khichdi),Other,102.18,3.43,1.91,17.35,weight_loss
Vegetable mix,Other,174.21,4.7,0.94,36.02,weight_loss
Lentils and wheat porridge (Dal wheat porridge/daliya ),Lunch/Dinner,52.54,2.71,0.94,8.36,weight_loss
Maize porridge,Other,89.57,2.14,1.89,15.64,weight_loss
Spinach peanut burfi (Palak aur mungfali ki burfi),Other,105.37,3.36,4.39,13.59,weight_loss
Split bengal gram burfi/fudge (Channa dal burfi),Lunch/Dinner,287.36,4.65,7.09,54.63,weight_loss
Chickpea flour cookies (Sweet besan rounds/cookies),Other,207.01,4.29,3.42,39.64,weight_loss
Pearl millet mathri (Bajra mathri),Other,785.08,1.82,83.12,7.42,weight_gain
Sesame biscuit (Til ke biscuit),Other,424.03,8.27,19.34,53.65,weight_gain
Fermented bengal gram vada (Khameerikrit/Ufna hua channa dal ka vada),Lunch/Dinner,657.57,4.05,67.19,8.68,weight_gain
Poshtik namak paras,Other,613.39,6.49,56.58,19.52,weight_gain
Soya chikki,Other,423.7,7.18,15.51,62.89,weight_gain
Besan bathua chilla/cheela,Other,373.82,11.48,18.57,40.65,weight_gain
Wheat flour and nuts ladoos (Atta nuts ladoos),Other,391.9,9.46,19.19,44.31,weight_gain
Gram flour and semolina dhokla (Besan suji dhokla),Other,198.91,8.52,7.1,25.92,weight_loss
Atta dal burfi ,Lunch/Dinner,298.8,6.66,12.47,40.64,weight_loss
Soya roti,Lunch/Dinner,283.96,9.18,9.23,40.03,weight_loss
Poshtik khichdi/khichri,Other,93.37,3.04,1.88,15.64,weight_loss
Namkeen daliya,Lunch/Dinner,295.11,8.29,7.99,49.32,weight_loss
Sprouts upma ,Breakfast,316.25,9.5,10.44,44.96,weight_gain
Semolina idli (Suji/Rava idli),Breakfast,206.39,9.34,3.47,33.67,weight_loss
Poshtik chilla/cheela,Other,159.53,4.85,3.04,27.47,weight_loss
Stuffed bittergourd (dry) (Bharwa karela),Other,217.65,1.29,22.38,2.49,weight_loss
Cauliflower potato canjee,Other,16.79,0.57,0.39,2.63,weight_loss
Creamed spinach,Other,96.91,5.18,6.39,4.44,weight_loss
Mango milkshake with ice cream (Aam milkshake ice creamkesaath),Beverage,68.35,1.93,2.8,9.18,weight_loss
Pineapple milkshake with ice cream (Ananas milkshake ice creamkesaath),Beverage,68.49,1.93,2.75,9.33,weight_loss
Orange milkshake with ice cream (Narangi milkshake ice creamkesaath),Beverage,67.82,1.95,2.75,9.15,weight_loss
Woodapple juice (Bel ka sharbat),Beverage,34.18,0.63,0.7,6.51,weight_loss
Sattu drink,Other,23.38,0.56,0.14,5.16,weight_loss
Apple and honey sorbet (Seb aur shehad ka sharbat),Other,121.3,0.15,0.29,30.74,weight_loss
Thandai,Other,101.18,3.59,5.89,9.13,weight_loss
Cucumber sharbat (Kheere ka sharbat),Other,27.28,0.26,0.06,6.64,weight_loss
Apple oats chia seed smoothie,Beverage,85.64,3.49,2.48,13.07,weight_loss
Nannari sharbat,Other,88.79,0.01,0.01,23.62,weight_loss
Semolina milk drink (Thari kanji),Other,44.16,0.98,1.36,6.93,weight_loss
Saffron milk (Kesariya doodh),Other,102.18,3.17,4.57,12.64,weight_loss
Black rice kheer (Chak-hao kheer),Lunch/Dinner,147.94,4.37,4.91,22.93,weight_loss
Coconut kheer (Nariyal ki kheer),Other,162.61,3.4,10.55,14.42,weight_loss
Apple sago payasam (Seb aur sabudana ki kheer),Other,136.5,3.13,7.66,14.4,weight_loss
Kesari bath,Other,244.57,2.4,12.59,31.38,weight_loss
Putharekulu,Other,318.3,3.66,7.55,59.61,weight_gain
Mango malpua,Other,334.64,1.65,30.67,12.84,weight_gain
Mango vanilla custard,Other,147.63,3.43,7.04,18.41,weight_loss
Kiwi granola pudding,Other,280.99,5.6,15.36,32.33,weight_loss
Oats burfi,Other,425.19,8.89,17.27,62.47,weight_gain
Lotus seed halwa (Kamal gattay ka halwa),Other,370.55,7.79,20.69,39.56,weight_gain
Amaranth ladoo (Rajgira ladoo),Other,454.15,10.12,22.7,51.33,weight_gain
Chhena poda,Other,344.57,13.68,17.94,33.64,weight_gain
Sweet couscous dessert,Other,196.2,3.81,7.69,29.69,weight_loss
Sweetened yogurt (Shrikhand),Other,107.18,5.27,2.89,16.02,weight_loss
Thickened sweetened milk (Rabri),Other,102.79,3.52,5.35,10.55,weight_loss
Gram flour halwa (Besan halwa),Other,276.79,5.88,17.3,25.78,weight_loss
Prawn sandwich,Snack,169.65,10.36,9.27,11.89,weight_loss
Watercress sandwich,Snack,229.42,5.17,11.47,28.03,weight_loss
Fish sandwich ,Snack,150.2,4.72,10.37,10.09,weight_loss
Kidney bean sandwich with cottage cheese,Snack,176.64,9.85,6.84,18.86,weight_loss
Finger millet biscuit (Ragi biscuit),Other,458.56,4.03,25.79,52.69,weight_gain
Buttermilk biscuit,Beverage,322.54,5.76,17.5,34.93,weight_gain
Lemon cookies,Other,394.48,5.63,23.02,42.19,weight_gain
Sweet potato biscuit (Shakarkand ke biscuit),Other,296.4,5.14,13.31,38.13,weight_loss
Raspberry shortbread cookies,Breakfast,441.12,3.0,21.25,61.25,weight_gain
Pumpkin cookies ,Other,218.4,2.51,3.93,44.69,weight_loss
Greenpea cookies,Other,159.42,6.53,4.24,23.07,weight_loss
Sunflower cookies,Other,520.62,9.49,36.28,40.06,weight_gain
Cardamom cookies (Elaichi cookies),Other,400.49,5.1,19.12,53.99,weight_gain
Hazelnut cookies,Other,493.32,6.25,34.97,39.44,weight_gain
Milk cookies,Other,459.43,10.49,24.96,48.43,weight_gain
Cranberry cookies,Other,272.48,3.92,12.66,36.39,weight_loss
Olive biscuit,Other,438.29,3.2,23.75,55.01,weight_gain
Tutti fruitti biscuit,Other,420.78,5.21,17.9,53.12,weight_gain
Peach blueberry preserves,Other,177.38,0.53,0.2,45.76,weight_loss
Pear preserves (Naashpati ka murabba),Other,101.24,0.25,0.19,25.67,weight_loss
Starfruit preserves ,Other,128.93,0.24,0.12,33.62,weight_loss
Gooseberry pickle (Amla ka achaar),Other,278.58,1.55,27.61,7.61,weight_loss
Lotus stem pickle (Kamal kakdi ka achar),Other,102.69,1.44,1.6,20.07,weight_loss
Date pickle (Khajoor ka achaar),Other,182.29,1.68,4.21,34.66,weight_loss
Garlic pickle (Lahasun ka achar),Other,413.62,3.72,39.88,9.75,weight_gain
Fermented bamboo shoot pickle (Mesu pickle),Other,59.83,1.58,5.59,1.73,weight_loss
Sweet peach pickle (Aadoo ka achaar),Other,144.64,0.46,0.2,37.01,weight_loss
Pickled mustard greens ,Other,13.12,1.51,0.22,1.05,weight_loss
Small onion pickle ,Other,16.86,1.65,0.64,2.76,weight_loss
Green tomato pickle (Haray tamatar ka achaar),Other,193.26,1.23,19.67,2.87,weight_loss
Pickled cabbage ,Other,13.69,0.39,0.14,2.56,weight_loss
Coconut pickle (Nariyal ka aachar),Other,517.26,3.02,51.71,11.53,weight_gain
Potato pickle (Aloo ka achaar),Other,369.14,2.07,36.46,7.87,weight_gain
Mango murabba candy,Other,293.35,0.27,0.05,77.32,weight_loss
Afghani chicken,Other,151.51,15.66,9.07,1.95,weight_loss
Fish orly,Other,563.7,5.87,58.18,4.27,weight_gain
Hariyali Fish Tikka,Other,150.24,14.01,9.41,2.21,weight_loss
Chicken manchurian,Other,142.34,9.53,11.96,6.06,weight_loss
Handi chicken,Other,166.02,12.32,12.46,1.49,weight_loss
Lemon chicken,Other,169.79,20.2,9.66,0.55,weight_loss
Lemon butter fish,Other,160.25,16.38,10.26,0.75,weight_loss
Baked eggs in tomato sauce,Other,80.05,4.92,5.22,3.78,weight_loss
Egg in a pepper,Other,128.78,12.64,8.68,0.17,weight_loss
Spinach mushroom scrambled egg (Palak mushroom bhurji),Other,158.85,13.28,11.51,0.59,weight_loss
Corn omelette/omlet,Breakfast,166.93,11.37,12.89,1.57,weight_loss
Cajun chicken,Other,184.94,12.69,13.99,1.94,weight_loss
Paaner do pyaza,Other,127.7,4.22,10.87,3.41,weight_loss
Cabbage manchurian (Pattagobhi manchurian),Other,224.26,0.64,22.48,4.85,weight_loss
Gobi 65,Other,278.29,0.56,29.11,3.59,weight_loss
Paneer lababdar,Other,105.48,3.98,8.46,3.37,weight_loss
Roasted cauliflower steak,Breakfast,78.68,2.05,6.7,2.02,weight_loss
Sauteed radishes with green beans,Other,94.32,2.41,6.61,6.04,weight_loss
Garlic chutney/Poondu chutney (Lahasun ki chutney),Other,255.51,3.34,17.55,20.44,weight_loss
Schezwan chutney,Other,205.19,3.33,17.72,10.79,weight_loss
Onion chutney (Pyaaz ki chutney/Vengaya chutney),Other,143.94,2.97,8.38,13.52,weight_loss
Dates chutney (Khajoor ki chutney),Other,103.57,1.07,1.12,21.69,weight_loss
Chicken salad,Other,338.19,15.33,30.26,1.3,weight_gain
Macaroni salad,Other,262.19,5.02,17.78,21.63,weight_loss
Cabbage raita (Pattagobhi raita),Other,84.84,3.24,5.76,5.25,weight_loss
Pomegranate raita (Anaar ka raita),Other,72.64,4.05,3.24,7.15,weight_loss
Onion raita (Pyaaz ka raita),Other,71.56,4.86,2.43,7.86,weight_loss
Green chilli raita (Hari mirch ka raita),Other,77.13,5.58,2.92,7.66,weight_loss
Kale salad,Other,177.71,4.86,15.33,5.01,weight_loss
Spinach and paneer souffle ,Other,186.19,7.56,13.49,9.64,weight_loss
Masala souffle ,Other,123.51,6.38,7.37,8.02,weight_loss
Chicken and cheese souffle,Other,182.35,9.07,14.74,3.47,weight_loss
Tamarind chutney (Chintapandu pachadi/Puli chutney),Other,109.15,0.88,0.48,25.07,weight_loss
Pav bhaji masala,Other,230.47,9.13,10.96,29.15,weight_loss
Green chutney,Other,79.42,5.42,1.6,10.01,weight_loss
Sago khitchdi/khichri (Sabudana khitchdi/khichri),Other,187.16,2.72,10.1,22.41,weight_loss
Gram flour chilla/cheela (Besan chilla/cheela),Other,135.93,7.8,2.85,21.03,weight_loss
Vegetable namkeen jave,Other,112.23,2.93,2.51,18.98,weight_loss
Khakhra,Other,178.5,4.78,5.32,27.66,weight_loss
Moong bean dosa (Pesarattu),Breakfast,285.96,12.32,11.67,31.91,weight_loss
Methi thepla,Other,346.16,8.98,15.95,41.34,weight_gain
Rice puttu (Ari puttu),Lunch/Dinner,81.98,1.26,3.13,11.82,weight_loss
Buckwheat pancake (Khura),Breakfast,263.3,2.91,16.43,27.28,weight_loss
Quinoa khichdi/khichri,Other,64.01,3.18,1.59,8.83,weight_loss
Khakhra chaat,Snack,358.66,4.52,30.65,16.64,weight_gain
Banana appam,Other,469.81,1.17,42.53,20.06,weight_gain
Veg manchurian,Other,585.64,0.89,61.65,6.82,weight_gain
Pav bhaji,Other,96.53,2.66,4.32,11.99,weight_loss
Rice murukku,Lunch/Dinner,593.99,5.41,48.22,33.29,weight_gain
Bhel puri ,Other,509.89,3.52,47.91,16.47,weight_gain
Semolina dhokla (Suji/Rava dhokla),Other,194.91,5.44,5.2,30.86,weight_loss
Spicy corn chaat ,Snack,479.8,4.61,46.55,11.45,weight_gain
Jackfruit fritters (Ponsa mulik/Kathal ka pakora),Snack,597.79,2.34,54.41,24.0,weight_gain
Banana chips (Kele ke chips),Other,665.67,0.37,70.46,7.32,weight_gain
Wheat cake,Other,314.63,4.79,14.95,41.13,weight_gain
Mango cheesecake,Other,152.46,2.39,7.3,20.06,weight_loss
Carrot cake (Gajar ka cake),Other,255.59,5.6,10.27,35.98,weight_loss
Semolina cake (Suji/Rava cake),Other,374.14,6.58,25.18,31.32,weight_gain
Finger millet cake (Ragi cake),Other,279.46,3.96,12.27,38.93,weight_loss
Honey cake,Other,333.59,3.08,14.7,49.04,weight_gain
Almond cardamom cake (Badam elaichi cake),Other,356.35,7.18,21.36,34.53,weight_gain
Tutti frutti cake,Other,347.72,4.49,12.68,52.94,weight_gain
Ham and Bean soup,Other,96.04,10.61,4.15,4.18,weight_loss
Whey soup,Other,68.91,3.45,3.34,6.26,weight_loss
Bottle gourd soup (Ghiya/Lauki soup),Other,23.05,0.45,1.79,1.16,weight_loss
Baked potato soup,Other,147.05,5.73,11.21,5.85,weight_loss
Pumpkin soup,Other,40.05,0.47,3.2,2.08,weight_loss
Sweet corn soup,Other,32.25,0.99,1.63,3.56,weight_loss
Paneer soup,Other,47.85,3.22,2.8,2.42,weight_loss
Curried Cauliflower soup,Other,37.32,6.72,9.77,3.12,weight_loss
Millet soup,Other,55.99,11.26,12.57,8.22,weight_loss
Lemon coriander soup,Other,108.06,2.27,6.26,10.32,weight_loss
Garlic soup,Other,194.86,2.38,17.62,6.99,weight_loss
Dal makhani,Lunch/Dinner,74.04,3.32,3.06,7.96,weight_loss
Dalma,Lunch/Dinner,118.93,4.91,4.58,15.04,weight_loss
Split bengal gram dal (Channa dal),Lunch/Dinner,99.67,4.15,4.62,9.99,weight_loss
Horsegram dal (Kulthi dal) ,Lunch/Dinner,55.65,2.91,1.13,8.21,weight_loss
Panchmel dal,Lunch/Dinner,111.22,4.63,5.36,10.71,weight_loss
Dal dhokli,Lunch/Dinner,68.74,2.96,2.47,8.55,weight_loss
Gujarati handvo ,Other,207.09,8.24,4.8,31.86,weight_loss
Sev (Omapodi/Karapusa),Other,609.14,5.12,60.08,12.87,weight_gain
Papdi,Other,708.96,1.83,72.11,12.89,weight_gain
Jowar dosa,Breakfast,294.35,8.5,10.28,40.53,weight_loss
Bread roll,Breakfast,435.46,2.85,40.25,16.12,weight_gain
Soya seekh kebab,Other,115.05,5.4,5.88,10.0,weight_loss
Classic seasoned black beans,Beverage,28.78,8.01,8.28,7.66,weight_loss
Maa chaane ki dal,Lunch/Dinner,344.67,19.8,9.5,43.11,weight_gain
Garlic chickpea soup (Lahasun aur chane ka shoraba),Other,89.53,4.45,2.01,13.92,weight_loss
White sauce (thin),Other,115.17,3.31,8.41,6.58,weight_loss
White sauce (medium),Other,151.27,3.36,11.76,7.98,weight_loss
White sauce (thick),Other,209.69,3.43,17.19,10.24,weight_loss
Cheese sauce,Other,194.76,7.68,15.12,7.08,weight_loss
Egg sauce,Other,146.85,5.97,11.08,5.88,weight_loss
Mushroom sauce,Other,137.56,3.39,10.51,7.31,weight_loss
Mustard sauce,Other,158.58,3.98,12.17,8.29,weight_loss
Brown sauce,Other,109.18,11.92,23.67,5.38,weight_loss
Classic italian pasta,Beverage,42.12,0.57,2.45,4.4,weight_loss
Pasta spinach sauce,Other,85.46,1.76,7.9,1.76,weight_loss
Pasta cheese sauce,Other,149.26,4.33,10.84,9.0,weight_loss
Mayonnaise,Other,774.86,1.86,84.52,1.65,weight_gain
Low calorie quick mayonnaise,Other,242.89,1.41,24.35,4.71,weight_loss
Thousand island dressing,Other,407.87,1.37,42.87,4.49,weight_gain
Curd dip,Other,79.95,5.04,3.36,7.95,weight_loss
Short crust pastry,Other,422.1,6.11,23.98,44.72,weight_gain
Choux pastry,Other,222.37,5.55,14.96,16.2,weight_loss
Flaky pastry,Other,443.94,4.69,31.99,33.61,weight_gain
Sponge cake ,Other,253.77,9.18,4.74,44.63,weight_loss
Glace icing,Other,323.51,0.01,0.01,86.31,weight_gain
Royal icing,Other,332.58,1.74,0.02,86.53,weight_gain
American frosting,Other,257.57,1.05,0.01,67.48,weight_loss
Gum icing,Other,223.07,5.94,0.0,53.19,weight_loss
Channa murmura premix,Other,339.09,10.59,3.28,72.59,weight_gain
Cracked wheat and green gram dal premix (Dalia moong dal premix),Lunch/Dinner,362.16,15.89,5.11,64.75,weight_gain
Rice flakes and roasted channa ,Lunch/Dinner,333.4,10.57,2.94,71.94,weight_gain
Spinach soup in milk ,Other,56.72,2.89,3.2,3.98,weight_loss
Vegetable soup,Other,55.21,2.22,1.55,7.6,weight_loss
Mashed banana with milk,Other,95.43,2.51,2.99,14.62,weight_loss
Poha with curd (Poha aur dahi),Breakfast,173.32,6.01,4.65,26.72,weight_loss
Potato with curd,Other,73.18,3.19,1.33,12.01,weight_loss
Sweet wheat porridge (Sweet dalia),Lunch/Dinner,140.66,5.11,2.79,23.77,weight_loss
Vegetable khichdi/khichri,Other,143.17,5.61,4.53,19.57,weight_loss
Moong dal mixture,Lunch/Dinner,158.84,4.62,1.0,33.93,weight_loss
Cracked wheat khichri/khichdi (Dalia khichri/khichdi),Lunch/Dinner,167.45,7.56,5.52,22.35,weight_loss
Stewed apple,Other,91.93,0.17,0.37,22.49,weight_loss
Lemon squash (Nimbu ka squash),Other,184.56,0.15,0.06,48.88,weight_loss
Orange squash (Santre ka squash),Other,193.26,0.22,0.04,50.88,weight_loss
Lichi squash,Other,198.33,0.3,0.08,51.96,weight_loss
Mango squash (Aam ka squash),Other,194.66,0.17,0.17,50.96,weight_loss
Pineapple squash (Ananas ka squash),Other,195.02,0.16,0.05,51.34,weight_loss
Lemon and ginger squash (Nimbu aur adrak ka squash),Other,170.34,0.54,0.21,44.06,weight_loss
Apple jam (Seb ka murabba),Other,188.79,0.14,0.32,48.56,weight_loss
Plum jam (Aloo bukhara jam),Other,178.89,0.31,0.19,46.2,weight_loss
Pineapple jam ,Other,149.18,0.32,0.15,38.27,weight_loss
Guava jelly (Amrood ki jelly),Other,115.74,1.11,0.25,28.18,weight_loss
Orange marmalade (Santray ka murabba),Other,104.17,0.66,0.13,25.94,weight_loss
Carrot murabba (Gajar ka murabba),Other,175.24,0.32,0.16,45.6,weight_loss
Gooseberry marmalade (Amla murabba),Other,123.16,0.14,0.03,32.34,weight_loss
Ginger candy (Adrak ki candy),Other,195.71,0.69,0.27,50.38,weight_loss
Mango pickle (Aam ka achaar),Other,192.12,1.6,17.89,8.11,weight_loss
Mixed vegetable pickle (Sabziyoon ka achaar),Lunch/Dinner,211.2,1.9,19.68,7.48,weight_loss
Sweet lemon pickle (Neembu ka meetha achaar),Other,69.54,1.22,0.21,16.87,weight_loss
Plum chutney (Aloo bukhara ki chutney),Other,177.11,0.47,0.29,44.95,weight_loss
Raw mango chutney (Kachhe aam/Kairi ki chutney),Other,193.13,0.51,0.16,49.94,weight_loss
Tomato sauce,Other,34.33,0.81,0.27,7.23,weight_loss
Tomato puree,Other,20.62,0.75,0.25,3.68,weight_loss
Garam masala,Other,254.21,9.89,10.97,26.2,weight_loss
Chat masala,Other,222.58,8.19,9.91,23.87,weight_loss
Kashmiri masala,Other,389.02,8.26,31.03,23.16,weight_gain
Rasam powder (Rasam masala),Other,267.96,12.04,11.8,25.19,weight_loss
Sambar powder (Sambar masala),Other,297.46,12.5,15.58,23.38,weight_loss
Tartare sauce,Other,610.93,1.44,66.12,2.96,weight_gain
Barbeque sauce,Other,121.93,0.96,4.51,20.46,weight_loss
Bread sauce,Breakfast,111.04,3.46,7.05,8.69,weight_loss
Green chilli sauce,Other,46.06,1.25,0.27,7.36,weight_loss
Home made plain noodles,Other,238.78,6.21,3.56,44.5,weight_loss
Dal moong,Lunch/Dinner,43.69,2.2,1.62,4.92,weight_loss
Cumin seeds baghar (Jeera baghar/tadka),Other,736.81,3.34,78.77,5.22,weight_gain
Onion tomato baghar (Pyaaz tamatar ka tadka),Other,137.52,1.26,11.98,6.17,weight_loss
Mustard seeds baghar (Mustard seed tadka),Other,552.59,4.73,54.3,10.45,weight_gain
Hot cherry sauce,Other,252.74,0.13,0.07,67.95,weight_loss
Apple jelly (Seb ki jelly),Other,152.13,0.1,0.21,39.37,weight_loss
Marmalade (Murabba),Other,143.76,0.23,0.04,37.64,weight_loss
Plum squash (Aloo bukhara squash),Other,211.17,0.16,0.1,55.51,weight_loss
Lemon green chilli pickle (Nimboo aur hari mirch ka achaar),Other,14.07,0.85,0.24,2.14,weight_loss
Brinjal pickle (Baingan ka achaar),Other,139.01,2.24,12.98,4.23,weight_loss
Sweet and sour tomato pickle (Khatta meetha tamatar ka achaar),Other,60.88,1.26,3.24,6.55,weight_loss
Jhatpat achar with carrot (Jhatpat achaar gajar ke saath),Other,91.21,1.98,6.55,6.32,weight_loss
Tomato chutney (Tamatar ki chutney),Other,176.07,0.97,6.01,31.85,weight_loss
Tomato ketchup,Other,33.07,0.91,0.3,6.48,weight_loss
Bengal 5 Spice Blend (Panch Phoran),Other,289.79,18.26,22.16,20.0,weight_loss
